date,repo,clones_14d,unique_cloners_14d,views_14d,unique_viewers_14d,stars,forks
2026-05-02,.github,291,141,55,3,0,0
2026-05-02,docs,7783,1152,828,11,3,0
2026-05-02,cycles-server,3679,544,217,5,2,2
2026-05-02,cycles-client-rust,452,168,59,4,1,0
2026-05-02,cycles-protocol,2727,446,137,6,3,2
2026-05-02,cycles-dashboard,8719,1309,566,4,0,2
2026-05-02,cycles-spring-boot-starter,425,184,71,4,1,1
2026-05-02,cycles-client-typescript,913,288,108,2,0,1
2026-05-02,cycles-client-python,340,139,48,11,0,1
2026-05-02,cycles-server-admin,6326,776,393,7,1,2
2026-05-02,cycles-agent-action-authority-demo,324,106,21,1,0,0
2026-05-02,cycles-server-events,995,292,179,3,1,2
2026-05-02,cycles-mcp-server,832,268,108,2,0,1
2026-05-02,cycles-runaway-demo,690,203,44,3,2,0
2026-05-02,cycles-openclaw-budget-guard,464,165,64,6,6,0
2026-05-02,cycles-openai-agents,118,60,20,3,0,0
2026-05-02,docs,7783,1152,828,11,3,0
2026-05-02,cycles-mcp-server,832,268,108,2,0,1
2026-05-02,cycles-spring-boot-starter,425,184,71,4,1,1
2026-05-02,cycles-client-rust,452,168,59,4,1,0
2026-05-02,cycles-client-typescript,913,288,108,2,0,1
2026-05-02,cycles-client-python,340,139,48,11,0,1
2026-05-02,cycles-server,3679,544,217,5,2,2
2026-05-02,.github,291,141,55,3,0,0
2026-05-02,cycles-protocol,2727,446,137,6,3,2
2026-05-02,cycles-dashboard,8719,1309,566,4,0,2
2026-05-02,cycles-server-admin,6326,776,393,7,1,2
2026-05-02,cycles-agent-action-authority-demo,324,106,21,1,0,0
2026-05-02,cycles-server-events,995,292,179,3,1,2
2026-05-02,cycles-runaway-demo,690,203,44,3,2,0
2026-05-02,cycles-openclaw-budget-guard,464,165,64,6,6,0
2026-05-02,cycles-openai-agents,118,60,20,3,0,0
2026-05-02,docs,7783,1152,828,11,3,0
2026-05-02,.github,291,141,55,3,0,0
2026-05-02,cycles-protocol,2727,446,137,6,3,2
2026-05-02,cycles-openclaw-budget-guard,464,165,64,6,6,0
2026-05-02,cycles-openai-agents,118,60,20,3,0,0
2026-05-02,cycles-dashboard,8719,1309,566,4,0,2
2026-05-02,cycles-server-events,995,292,179,3,1,2
2026-05-02,cycles-server-admin,6326,776,393,7,1,2
2026-05-02,cycles-mcp-server,832,268,108,2,0,1
2026-05-02,cycles-spring-boot-starter,425,184,71,4,1,1
2026-05-02,cycles-client-rust,452,168,59,4,1,0
2026-05-02,cycles-client-typescript,913,288,108,2,0,1
2026-05-02,cycles-client-python,340,139,48,11,0,1
2026-05-02,cycles-server,3679,544,217,5,2,2
2026-05-02,cycles-agent-action-authority-demo,324,106,21,1,0,0
2026-05-02,cycles-runaway-demo,690,203,44,3,2,0
