date,repo,rank,referrer,views,uniques
2026-05-03,.github,1,github.com,32,2
2026-05-03,cycles-protocol,1,github.com,53,4
2026-05-03,cycles-server,1,github.com,146,1
2026-05-03,cycles-dashboard,1,github.com,217,1
2026-05-03,cycles-dashboard,2,linkedin.com,7,1
2026-05-03,cycles-server-events,1,github.com,110,1
2026-05-03,cycles-server-admin,1,github.com,147,2
2026-05-03,cycles-mcp-server,1,github.com,74,1
2026-05-03,cycles-spring-boot-starter,1,github.com,46,4
2026-05-03,cycles-client-rust,1,github.com,50,2
2026-05-03,cycles-client-typescript,1,github.com,86,2
2026-05-03,cycles-client-python,1,github.com,34,6
2026-05-03,docs,1,github.com,212,3
2026-05-03,docs,2,runcycles.io,60,4
2026-05-03,cycles-openclaw-budget-guard,1,github.com,50,3
2026-05-03,cycles-openclaw-budget-guard,2,news.ycombinator.com,3,1
2026-05-03,cycles-openclaw-budget-guard,3,reddit.com,1,1
2026-05-03,cycles-openai-agents,1,github.com,14,2
2026-05-03,cycles-agent-action-authority-demo,1,github.com,8,1
2026-05-03,cycles-runaway-demo,1,github.com,21,2
2026-05-03,cycles-runaway-demo,2,news.ycombinator.com,1,1
